-- ============================================================
-- 二手物品交易系统 - 数据库初始化脚本
-- 数据库: MySQL 5.7+
-- ============================================================

-- 建库
CREATE DATABASE IF NOT EXISTS `secondhand_trade`
    DEFAULT CHARACTER SET utf8mb4
    DEFAULT COLLATE utf8mb4_unicode_ci;

USE `secondhand_trade`;

-- 强制客户端使用 utf8mb4（修复 Docker MySQL 5.7 默认 latin1 导致的中文乱码）
SET NAMES utf8mb4;

-- ============================================================
-- user 表（3 张物理分片表，分片键: user_id % 3）
-- ============================================================
CREATE TABLE IF NOT EXISTS `user_0` (
    `user_id`    BIGINT       NOT NULL AUTO_INCREMENT COMMENT '用户ID',
    `username`   VARCHAR(50)  NOT NULL COMMENT '用户名',
    `password`   VARCHAR(255) NOT NULL COMMENT '密码(SHA256)',
    `role`       TINYINT      NOT NULL DEFAULT 0 COMMENT '0:普通用户 1:管理员',
    `nickname`   VARCHAR(50)  DEFAULT NULL COMMENT '昵称',
    `phone`      VARCHAR(20)  DEFAULT NULL COMMENT '手机号',
    `is_muted`   TINYINT      NOT NULL DEFAULT 0 COMMENT '0:正常 1:禁言',
    `created_at` DATETIME     NOT NULL COMMENT '创建时间',
    `updated_at` DATETIME     NOT NULL COMMENT '更新时间',
    PRIMARY KEY (`user_id`),
    UNIQUE KEY `uk_username` (`username`),
    KEY `idx_role` (`role`) COMMENT '按角色查询'
) ENGINE=InnoDB DEFAULT CHARSET=utf8mb4 COMMENT='用户表_0';

CREATE TABLE IF NOT EXISTS `user_1` LIKE `user_0`;
CREATE TABLE IF NOT EXISTS `user_2` LIKE `user_0`;

-- ============================================================
-- product 表（3 张物理分片表，分片键: user_id % 3）
-- 商品 ID 格式: YYYYMMDD + 6位序号，不依赖 AUTO_INCREMENT
-- ============================================================
CREATE TABLE IF NOT EXISTS `product_0` (
    `product_id`   BIGINT        NOT NULL COMMENT '商品ID(YYYYMMDD+6位序号)',
    `name`         VARCHAR(100)  NOT NULL COMMENT '商品名称',
    `price`        DECIMAL(10,2) NOT NULL COMMENT '价格',
    `description`  TEXT          DEFAULT NULL COMMENT '商品介绍',
    `pickup_point` VARCHAR(200)  DEFAULT NULL COMMENT '自提点',
    `user_id`      BIGINT        NOT NULL COMMENT '商家用户ID',
    `seller_name`  VARCHAR(50)   DEFAULT NULL COMMENT '卖家昵称',
    `status`       TINYINT       NOT NULL DEFAULT 1 COMMENT '1:上架 0:下架',
    `created_at`   DATETIME      NOT NULL COMMENT '创建时间',
    `updated_at`   DATETIME      NOT NULL COMMENT '更新时间',
    PRIMARY KEY (`product_id`),
    KEY `idx_user` (`user_id`),
    KEY `idx_name` (`name`),
    KEY `idx_status_created` (`status`, `created_at` DESC) COMMENT '上架商品按时间排序',
    KEY `idx_user_status` (`user_id`, `status`) COMMENT '用户商品查询'
) ENGINE=InnoDB DEFAULT CHARSET=utf8mb4 COMMENT='商品表_0';

CREATE TABLE IF NOT EXISTS `product_1` LIKE `product_0`;
CREATE TABLE IF NOT EXISTS `product_2` LIKE `product_0`;

-- ============================================================
-- chat_message 表（3 张物理分片表，分片键: from_user_id % 3）
-- ============================================================
CREATE TABLE IF NOT EXISTS `chat_message_0` (
    `msg_id`       BIGINT   NOT NULL AUTO_INCREMENT COMMENT '消息ID',
    `from_user_id` BIGINT   NOT NULL COMMENT '发送者ID',
    `to_user_id`   BIGINT   NOT NULL COMMENT '接收者ID',
    `product_id`   BIGINT   DEFAULT NULL COMMENT '关联商品ID',
    `content`      TEXT     NOT NULL COMMENT '消息内容',
    `has_read`     TINYINT  NOT NULL DEFAULT 0 COMMENT '0:未读 1:已读',
    `created_at`   DATETIME NOT NULL COMMENT '发送时间',
    PRIMARY KEY (`msg_id`),
    KEY `idx_from_to` (`from_user_id`, `to_user_id`),
    KEY `idx_users_time` (`from_user_id`, `to_user_id`, `created_at`),
    KEY `idx_product` (`product_id`) COMMENT '按商品查聊天',
    KEY `idx_users_msg` (`from_user_id`, `to_user_id`, `msg_id`) COMMENT '聊天轮询加速'
) ENGINE=InnoDB DEFAULT CHARSET=utf8mb4 COMMENT='聊天消息表_0';

CREATE TABLE IF NOT EXISTS `chat_message_1` LIKE `chat_message_0`;
CREATE TABLE IF NOT EXISTS `chat_message_2` LIKE `chat_message_0`;

-- ============================================================
-- 测试数据 — 7 个用户 + 64 件商品 + 30 条聊天消息
-- ============================================================

-- ============================================================
-- 1. 用户数据（7 个用户，覆盖 3 张分片表）
-- ============================================================
-- user_id=1 → user_1, 管理员 admin / admin123
INSERT INTO `user_1` (`user_id`, `username`, `password`, `role`, `nickname`, `phone`, `is_muted`, `created_at`, `updated_at`)
VALUES (1, 'admin',    SHA2('admin123', 256), 1, '管理员', '13800000001', 0, NOW(), NOW());

-- user_id=2 → user_2, 普通用户
INSERT INTO `user_2` (`user_id`, `username`, `password`, `role`, `nickname`, `phone`, `is_muted`, `created_at`, `updated_at`)
VALUES (2, 'zhangsan', SHA2('123456', 256), 0, '张三', '13800000002', 0, NOW(), NOW());

-- user_id=3 → user_0
INSERT INTO `user_0` (`user_id`, `username`, `password`, `role`, `nickname`, `phone`, `is_muted`, `created_at`, `updated_at`)
VALUES (3, 'lisi',     SHA2('123456', 256), 0, '李四', '13800000003', 0, NOW(), NOW());

-- user_id=4 → user_1
INSERT INTO `user_1` (`user_id`, `username`, `password`, `role`, `nickname`, `phone`, `is_muted`, `created_at`, `updated_at`)
VALUES (4, 'wangwu',   SHA2('123456', 256), 0, '王五', '13800000004', 0, NOW(), NOW());

-- user_id=5 → user_2
INSERT INTO `user_2` (`user_id`, `username`, `password`, `role`, `nickname`, `phone`, `is_muted`, `created_at`, `updated_at`)
VALUES (5, 'zhaoliu',  SHA2('123456', 256), 0, '赵六', '13800000005', 0, NOW(), NOW());

-- user_id=6 → user_0
INSERT INTO `user_0` (`user_id`, `username`, `password`, `role`, `nickname`, `phone`, `is_muted`, `created_at`, `updated_at`)
VALUES (6, 'sunqi',    SHA2('123456', 256), 0, '孙七', '13800000006', 0, NOW(), NOW());

-- user_id=7 → user_1
INSERT INTO `user_1` (`user_id`, `username`, `password`, `role`, `nickname`, `phone`, `is_muted`, `created_at`, `updated_at`)
VALUES (7, 'zhouba',   SHA2('123456', 256), 0, '周八', '13800000007', 0, NOW(), NOW());


-- ============================================================
-- 2. 商品数据（64 件，分片键: user_id % 3）
-- ============================================================

-- ----------------------------
-- 张三 (user_id=2 → product_2) 发布 20 件
-- ----------------------------
INSERT INTO `product_2` (`product_id`, `name`, `price`, `description`, `pickup_point`, `user_id`, `seller_name`, `status`, `created_at`, `updated_at`) VALUES
(20260601000001, 'iPhone 12 128G',          2599.00, '自用iPhone 12，蓝色128G，外观9成新，电池健康86%，配件齐全带原装充电器。',                                         '北京市海淀区中关村大街1号',         2, '张三', 1, '2026-06-01 10:00:00', '2026-06-01 10:00:00'),
(20260601000002, '机械键盘 茶轴',            299.00, 'Cherry MX茶轴机械键盘87键，使用半年手感良好，键帽无打油。',                                                               '北京市海淀区五道口地铁站A口',       2, '张三', 1, '2026-06-01 14:30:00', '2026-06-01 14:30:00'),
(20260602000002, '罗技 G Pro 无线鼠标',      499.00, '罗技GPW一代白色，使用半年微动正常，贴了防滑贴，配件齐全。',                                                               '北京市海淀区学院路',               2, '张三', 1, '2026-06-02 09:00:00', '2026-06-02 09:00:00'),
(20260603000002, '漫步者 R1700BT 音箱',      399.00, '漫步者R1700BT 2.0有源音箱木质箱体蓝牙5.0，使用3个月音质很好。',                                                          '北京市海淀区五道口',               2, '张三', 1, '2026-06-03 14:00:00', '2026-06-03 14:00:00'),
(20260604000001, '小米充电宝 20000mAh',       89.00, '小米充电宝3 20000mAh双向快充Type-C接口，用了2个月几乎全新。',                                                             '北京市朝阳区大望路',               2, '张三', 1, '2026-06-04 10:00:00', '2026-06-04 10:00:00'),
(20260605000001, '小米手环7 Pro',            199.00, '全新仅拆封，小米手环7 Pro黑色屏幕无划痕功能正常。',                                                                        '北京市朝阳区望京SOHO T1',          2, '张三', 1, '2026-06-05 09:00:00', '2026-06-05 09:00:00'),
(20260605000002, '《Java核心技术》卷I',        49.00, 'Java核心技术卷I第11版几乎全新只翻了几页，附赠电子资料。',                                                                   '北京市海淀区清华大学南门',          2, '张三', 1, '2026-06-05 16:00:00', '2026-06-05 16:00:00'),
(20260607000001, '宜家置物架 白色',          129.00, '宜家KALLAX置物架白色76×147cm，用了半年无损坏需自提。',                                                                   '北京市海淀区西二旗',               2, '张三', 1, '2026-06-07 10:00:00', '2026-06-07 10:00:00'),
(20260608000002, '华为 FreeBuds Pro 2',     399.00, '华为FreeBuds Pro 2银色降噪效果佳，耳机续航约5小时充电盒正常。',                                                           '北京市海淀区中关村',               2, '张三', 1, '2026-06-08 15:00:00', '2026-06-08 15:00:00'),
(20260609000002, '北面冲锋衣 男款 L',        599.00, 'The North Face冲锋衣男款L码黑色防风防水，仅穿过几次几乎全新。',                                                          '北京市朝阳区国贸',                 2, '张三', 1, '2026-06-09 14:00:00', '2026-06-09 14:00:00'),
(20260610000001, '电动牙刷 飞利浦',          189.00, '飞利浦HX6730电动牙刷使用3个月，含2个备用刷头充电底座完好。',                                                              '北京市西城区金融街购物中心',         2, '张三', 1, '2026-06-10 11:00:00', '2026-06-10 11:00:00'),
(20260610000002, '戴尔27寸显示器',           899.00, 'Dell U2720QM 27寸4K显示器使用1年无坏点包装齐全色彩精准。',                                                                '北京市海淀区知春路地铁站',          2, '张三', 1, '2026-06-10 15:00:00', '2026-06-10 15:00:00'),
(20260611000003, '铁三角 ATH-M50x 耳机',    599.00, '铁三角M50x监听耳机黑色使用一年耳罩已换新音质完好。',                                                                     '北京市海淀区知春路',               2, '张三', 1, '2026-06-11 09:00:00', '2026-06-11 09:00:00'),
(20260612000001, 'Switch OLED 日版',       1599.00, 'Switch OLED日版去年购买红色蓝色手柄，带原装底座和充电器。',                                                               '北京市朝阳区三里屯太古里',          2, '张三', 1, '2026-06-12 10:30:00', '2026-06-12 10:30:00'),
(20260612000004, '显示器支架 北弧',          149.00, '北弧E350双屏显示器支架可承重9kg×2几乎全新包装配件齐全。',                                                                '北京市丰台区角门东',               2, '张三', 1, '2026-06-12 08:00:00', '2026-06-12 08:00:00'),
(20260613000001, 'AirPods Pro 二代',        999.00, 'AirPods Pro第二代2025年购买充电盒正常耳塞齐全降噪效果良好。',                                                             '北京市海淀区中关村e世界',           2, '张三', 1, '2026-06-13 09:00:00', '2026-06-13 09:00:00'),
(20260613000002, '实木书桌 1.2m',           350.00, '实木书桌尺寸1.2×0.6×0.75m胡桃木色使用1年稳固无晃动自提。',                                                               '北京市海淀区五道口华联商厦',         2, '张三', 1, '2026-06-13 14:00:00', '2026-06-13 14:00:00'),
(20260613000006, '索尼A7C 相机机身',       8999.00, '索尼A7C全画幅微单机身银色快门约5000屏幕贴膜包装齐全。',                                                                  '北京市海淀区五棵松',               2, '张三', 1, '2026-06-13 08:00:00', '2026-06-13 08:00:00'),
(20260614000001, 'PS5 光驱版 国行',        2899.00, 'PS5国行光驱版2025年双十一购入手柄完好带原装HDMI线和电源线。',                                                             '北京市朝阳区朝阳大悦城',           2, '张三', 1, '2026-06-14 08:00:00', '2026-06-14 08:00:00'),
(20260614000009, '猫粮 皇家 15kg',          299.00, '皇家猫粮室内成猫粮15kg大包装买多了全新未开封。',                                                                         '北京市朝阳区常营',                 2, '张三', 1, '2026-06-14 10:00:00', '2026-06-14 10:00:00');

-- ----------------------------
-- 李四 (user_id=3 → product_0) 发布 20 件
-- ----------------------------
INSERT INTO `product_0` (`product_id`, `name`, `price`, `description`, `pickup_point`, `user_id`, `seller_name`, `status`, `created_at`, `updated_at`) VALUES
(20260601000003, 'MacBook Pro M1 13寸',    5999.00, 'MacBook Pro M1 13寸/16G/256G，2024年购入循环次数不到200次银色外观完好。',                                               '上海市浦东新区陆家嘴环路1000号',    3, '李四', 1, '2026-06-01 11:00:00', '2026-06-01 11:00:00'),
(20260601000004, '咖啡机 德龙',             899.00, '德龙全自动咖啡机ECAM22.110，使用半年可做意式/美式/卡布奇诺定期除垢。',                                                    '上海市徐汇区衡山路10号',           3, '李四', 1, '2026-06-01 16:00:00', '2026-06-01 16:00:00'),
(20260602000003, '始祖鸟 软壳 Gamma MX',   1299.00, '始祖鸟Gamma MX软壳男款M码黑色户外经典穿着次数少成色好。',                                                                '上海市浦东新区联洋',               3, '李四', 1, '2026-06-02 14:00:00', '2026-06-02 14:00:00'),
(20260603000003, '戴森 V15 吸尘器',        2599.00, '戴森V15 Detect无绳吸尘器使用半年吸力强劲含全部吸头箱说全。',                                                              '上海市徐汇区田林路',               3, '李四', 1, '2026-06-03 10:00:00', '2026-06-03 10:00:00'),
(20260604000002, 'Switch Pro 手柄',         299.00, 'Switch Pro手柄原装正品黑色使用约100小时手感极佳无漂移。',                                                                 '上海市静安区大宁',                 3, '李四', 1, '2026-06-04 14:00:00', '2026-06-04 14:00:00'),
(20260605000003, '索尼 WH-1000XM5',       1499.00, '索尼降噪耳机XM5黑色去年购买耳罩完好降噪效果极佳续航约30小时。',                                                          '上海市静安区南京西路1515号',        3, '李四', 1, '2026-06-05 10:00:00', '2026-06-05 10:00:00'),
(20260605000004, '碳纤维山地车',           2200.00, '捷安特XTC 800碳纤维山地车27.5寸轮径禧玛诺碟刹骑行了约800公里。',                                                          '上海市杨浦区大学路168号',          3, '李四', 1, '2026-06-05 14:00:00', '2026-06-05 14:00:00'),
(20260607000002, '米家 台灯 Pro',          249.00, '米家台灯Pro Ra95高显色支持小爱同学使用3个月无任何问题。',                                                                '上海市杨浦区五角场',               3, '李四', 1, '2026-06-07 15:00:00', '2026-06-07 15:00:00'),
(20260608000003, '富士 X100V 相机',        7999.00, '富士X100V旁轴相机银色快门约2000次附送皮套和遮光罩。',                                                                    '上海市黄浦区新天地',               3, '李四', 1, '2026-06-08 11:00:00', '2026-06-08 11:00:00'),
(20260609000003, '人体工学椅 网易严选',      799.00, '网易严选人体工学椅灰色网面带腰托和头枕使用半年坐感舒适。',                                                               '上海市普陀区金沙江路',             3, '李四', 1, '2026-06-09 15:00:00', '2026-06-09 15:00:00'),
(20260610000003, 'Kindle Oasis 3',         699.00, 'Kindle Oasis第三代7寸屏32G带官方皮套屏幕无划痕。',                                                                       '上海市黄浦区人民广场地铁站',        3, '李四', 1, '2026-06-10 10:00:00', '2026-06-10 10:00:00'),
(20260611000001, '吉他 雅马哈FG830',        899.00, '雅马哈FG830民谣吉他原木色购买一年弦距适中音色温暖送琴包和变调夹。',                                                       '上海市闵行区莘庄地铁站',           3, '李四', 1, '2026-06-11 13:00:00', '2026-06-11 13:00:00'),
(20260611000004, '极米 H3S 投影仪',        2999.00, '极米H3S投影仪1900ANSI流明使用约100小时自动对焦梯形校正箱说全。',                                                          '上海市闵行区七宝',                 3, '李四', 1, '2026-06-11 15:00:00', '2026-06-11 15:00:00'),
(20260612000002, 'iPad Air 5 M1',         3299.00, 'iPad Air 5 M1芯片蓝色64G WiFi版屏幕贴膜使用无磕碰。',                                                                     '上海市长宁区中山公园龙之梦',        3, '李四', 1, '2026-06-12 11:30:00', '2026-06-12 11:30:00'),
(20260612000005, '小米电饭煲 3L',           149.00, '小米电饭煲3L IH电磁加热用了2个月不粘锅胆煮饭很快。',                                                                     '上海市宝山区共康',                 3, '李四', 1, '2026-06-12 09:00:00', '2026-06-12 09:00:00'),
(20260613000003, '拍立得 Mini 12',          299.00, '富士拍立得Mini 12蓝色几乎全新仅使用了一盒相纸送5张相纸。',                                                               '上海市虹口区鲁迅公园正门',          3, '李四', 1, '2026-06-13 10:00:00', '2026-06-13 10:00:00'),
(20260613000007, '索尼 X95J 65寸电视',     4999.00, '索尼65X95J 65寸4K电视2025年购入无坏点含原装底座和遥控器。',                                                               '上海市浦东新区金桥',               3, '李四', 1, '2026-06-13 15:00:00', '2026-06-13 15:00:00'),
(20260614000002, '电竞椅 西昊',             599.00, '西昊M18人体工学电竞椅黑色坐感舒适腰部支撑好少用如新自提优先。',                                                           '上海市宝山区顾村公园地铁站',        3, '李四', 1, '2026-06-14 09:00:00', '2026-06-14 09:00:00'),
(20260614000003, '小米空气净化器Pro',        499.00, '小米空气净化器Pro使用半年滤芯刚换过运行安静手机APP可控制。',                                                              '上海市普陀区环球港',               3, '李四', 1, '2026-06-14 10:00:00', '2026-06-14 10:00:00'),
(20260614000010, 'NAS 群晖 DS220+',        1899.00, '群晖DS220+双盘位NAS含2块4T红盘使用半年家庭影音服务器首选。',                                                              '上海市长宁区古北',                 3, '李四', 1, '2026-06-14 11:00:00', '2026-06-14 11:00:00');

-- ----------------------------
-- 王五 (user_id=4 → product_1) 发布 15 件
-- ----------------------------
INSERT INTO `product_1` (`product_id`, `name`, `price`, `description`, `pickup_point`, `user_id`, `seller_name`, `status`, `created_at`, `updated_at`) VALUES
(20260601000005, '佳能EOS R10微单',         4599.00, '佳能EOS R10微单相机带18-45mm套头快门数约3000配件齐全带32G存储卡。',                                                      '广州市天河区天河路385号',          4, '王五', 1, '2026-06-01 13:00:00', '2026-06-01 13:00:00'),
(20260602000001, '华为MatePad Pro 12.6',   2399.00, '华为MatePad Pro 12.6寸麒麟9000E 8G+256G金色含M-Pencil手写笔。',                                                           '广州市越秀区北京路步行街',          4, '王五', 1, '2026-06-02 10:00:00', '2026-06-02 10:00:00'),
(20260602000004, 'AirPods Max 天蓝色',     2999.00, 'AirPods Max天蓝色购入半年头梁完好耳罩无破损降噪优秀。',                                                                   '广州市海珠区客村',                 4, '王五', 1, '2026-06-02 11:00:00', '2026-06-02 11:00:00'),
(20260603000004, 'Kindle Paperwhite 5',     499.00, 'Kindle Paperwhite第5代6.8寸屏16G黑色阅读灯舒适屏幕无划痕。',                                                              '广州市天河区车陂',                 4, '王五', 1, '2026-06-03 11:00:00', '2026-06-03 11:00:00'),
(20260604000003, '大疆 Osmo Action 3',     1499.00, '大疆Osmo Action 3运动相机含2块电池和自拍杆4K120fps用过3次。',                                                             '广州市越秀区公园前',               4, '王五', 1, '2026-06-04 15:00:00', '2026-06-04 15:00:00'),
(20260605000005, '天文望远镜',              1299.00, '星特朗80EQ天文望远镜入门级看月亮环形山清晰含三脚架和寻星镜。',                                                             '广州市番禺区广州大学城',           4, '王五', 1, '2026-06-05 15:00:00', '2026-06-05 15:00:00'),
(20260607000003, 'YAMAHA P-125 电钢琴',    2499.00, '雅马哈P-125电钢琴88键重锤含琴架和三踏板使用约50小时音色好。',                                                              '广州市番禺区市桥',                 4, '王五', 1, '2026-06-07 11:00:00', '2026-06-07 11:00:00'),
(20260608000001, '小米扫地机器人',           899.00, '小米扫拖一体机器人1S LDS激光导航使用4个月地图建好了拖地功能正常。',                                                       '广州市海珠区广州塔地铁站',          4, '王五', 1, '2026-06-08 10:00:00', '2026-06-08 10:00:00'),
(20260609000004, '小米走步机',              899.00, '小米走步机折叠款白色买了两个月每天走半小时安静不占空间。',                                                               '广州市荔湾区西关',                 4, '王五', 1, '2026-06-09 11:00:00', '2026-06-09 11:00:00'),
(20260610000004, 'JBL Flip 6 音箱',        499.00, 'JBL Flip 6便携蓝牙音箱防水红色低音充沛户外聚会利器。',                                                                    '广州市白云区白云山公园南门',        4, '王五', 1, '2026-06-10 16:00:00', '2026-06-10 16:00:00'),
(20260611000005, '雷蛇 毒蝰终极版',         399.00, '雷蛇毒蝰终极版无线鼠标含充电底座74g超轻PAW3399传感器。',                                                                 '广州市白云区同和',                 4, '王五', 1, '2026-06-11 11:00:00', '2026-06-11 11:00:00'),
(20260612000003, '单板滑雪板 153cm',        899.00, 'Burton Custom 153cm滑雪板固定器M号使用一个雪季板底有轻微划痕不影响滑行。',                                                '广州市荔湾区上下九步行街',          4, '王五', 1, '2026-06-12 14:00:00', '2026-06-12 14:00:00'),
(20260612000006, '佳能 50mm f/1.8 镜头',    699.00, '佳能RF 50mm f/1.8 STM镜头小痰盂三代人像利器使用3个月前盖齐全。',                                                         '广州市天河区石牌',                 4, '王五', 1, '2026-06-12 15:00:00', '2026-06-12 15:00:00'),
(20260613000004, '动感单车 家用',           799.00, '迪卡侬动感单车磁控静音带心率监测使用半年每日有氧必备。',                                                                 '广州市天河区体育中心',             4, '王五', 1, '2026-06-13 11:00:00', '2026-06-13 11:00:00'),
(20260614000004, '机械表 精工5号',         1299.00, '精工5号自动机械表SNK809 4R36机芯星期日历显示表径37mm日常佩戴无磕碰。',                                                    '广州市越秀区东山口地铁站',          4, '王五', 1, '2026-06-14 07:00:00', '2026-06-14 07:00:00'),
(20260614000011, 'Herman Miller Aeron 椅', 6999.00, 'Herman Miller Aeron人体工学椅中号灰色使用1年腰部支撑极佳办公室升级。',                                                    '广州市海珠区琶洲',                 4, '王五', 1, '2026-06-14 08:00:00', '2026-06-14 08:00:00');

-- ----------------------------
-- 赵六 (user_id=5 → product_2) 发布 15 件
-- ----------------------------
INSERT INTO `product_2` (`product_id`, `name`, `price`, `description`, `pickup_point`, `user_id`, `seller_name`, `status`, `created_at`, `updated_at`) VALUES
(20260601000006, '烤箱 长帝32L',            199.00, '长帝32L家用电烤箱上下独立控温烤过几次蛋糕和饼干功能正常可自提。',                                                        '深圳市南山区科技园南区',           5, '赵六', 1, '2026-06-01 15:00:00', '2026-06-01 15:00:00'),
(20260602000005, 'GoPro Hero 11 Black',    1999.00, 'GoPro Hero 11 Black运动相机含防水壳和3块电池拍摄过几次旅行画质出色。',                                                    '深圳市南山区华润城',               5, '赵六', 1, '2026-06-02 15:00:00', '2026-06-02 15:00:00'),
(20260603000001, '无人机 DJI Mini 3',      2199.00, '大疆Mini 3无人机带遥控器和2块电池飞行约5小时无炸机记录4K拍摄。',                                                          '深圳市福田区华强北电子世界',        5, '赵六', 1, '2026-06-03 10:00:00', '2026-06-03 10:00:00'),
(20260604000004, '山姆会员 年卡转让',        199.00, '山姆会员商店卓越会员年卡还有10个月到期主卡转让可改绑手机号。',                                                            '深圳市福田区山姆会员店',           5, '赵六', 1, '2026-06-04 16:00:00', '2026-06-04 16:00:00'),
(20260606000001, 'Bose QC Ultra 耳机',    2199.00, 'Bose QuietComfort Ultra头戴式降噪耳机白色购入2个月使用频率低箱说全。',                                                    '深圳市宝安区宝安中心地铁站',        5, '赵六', 1, '2026-06-06 10:00:00', '2026-06-06 10:00:00'),
(20260607000004, '米家 净水器 600G',        499.00, '米家净水器600G RO反渗透用了3个月滤芯寿命还有80%出水速度快。',                                                            '深圳市南山区科技园',               5, '赵六', 1, '2026-06-07 14:00:00', '2026-06-07 14:00:00'),
(20260608000004, '威联通 TS-453D NAS',    2999.00, '威联通TS-453D四盘位NAS Intel J4125不含硬盘8G内存千兆网口。',                                                              '深圳市宝安区西乡',                 5, '赵六', 1, '2026-06-08 14:00:00', '2026-06-08 14:00:00'),
(20260609000001, '健身哑铃套装 20kg',       299.00, '包胶哑铃20kg套装（10kg×2）含连接杆可当杠铃使用在家健身必备。',                                                           '深圳市龙岗区大运中心',             5, '赵六', 1, '2026-06-09 10:00:00', '2026-06-09 10:00:00'),
(20260609000005, 'Apple Watch S8 45mm',   1999.00, 'Apple Watch Series 8 45mm午夜色铝金属表壳含原装充电器和表带。',                                                           '深圳市罗湖区东门',                 5, '赵六', 1, '2026-06-09 16:00:00', '2026-06-09 16:00:00'),
(20260610000005, '森海塞尔 HD 560S',       999.00, '森海塞尔HD 560S开放式监听耳机120欧姆使用时间短耳罩完好的声音中性。',                                                     '深圳市福田区华强北',               5, '赵六', 1, '2026-06-10 14:00:00', '2026-06-10 14:00:00'),
(20260611000002, '移动硬盘 2T',             399.00, '西部数据My Passport 2TB移动硬盘使用半年传文件速度快银色金属外壳。',                                                       '深圳市罗湖区东门老街',             5, '赵六', 1, '2026-06-11 10:00:00', '2026-06-11 10:00:00'),
(20260612000007, '美的 空气炸锅 5L',        249.00, '美的空气炸锅5L大容量触控面板用了3次煎炸烘烤都行几乎全新。',                                                              '深圳市龙华区民治',                 5, '赵六', 1, '2026-06-12 16:00:00', '2026-06-12 16:00:00'),
(20260613000005, '投影仪 极米Z6X',         1599.00, '极米Z6X投影仪1080P分辨率自动对焦和梯形校正使用约200小时亮度足够。',                                                       '深圳市南山区海岸城',               5, '赵六', 1, '2026-06-13 16:00:00', '2026-06-13 16:00:00'),
(20260614000005, '乐高 保时捷911 GT3 RS',  1899.00, '乐高机械组42056保时捷911 GT3 RS已拼好展示用无缺件含原装盒和说明书。',                                                    '深圳市福田区会展中心地铁站',        5, '赵六', 1, '2026-06-14 11:00:00', '2026-06-14 11:00:00'),
(20260614000012, 'ThinkPad X1 Carbon G10',5999.00, 'ThinkPad X1 Carbon Gen10 i7-1260P/16G/512G 2K屏2024年购入办公利器。',                                                   '深圳市南山区深圳湾',               5, '赵六', 1, '2026-06-14 12:00:00', '2026-06-14 12:00:00');

-- ----------------------------
-- 孙七 (user_id=6 → product_0) 发布 7 件
-- ----------------------------
INSERT INTO `product_0` (`product_id`, `name`, `price`, `description`, `pickup_point`, `user_id`, `seller_name`, `status`, `created_at`, `updated_at`) VALUES
(20260601000008, 'iPad mini 6 粉色',       2799.00, 'iPad mini 6粉色64G WiFi版A15芯片屏幕无划痕带保护壳。',                                                                   '成都市武侯区科华北路',             6, '孙七', 1, '2026-06-01 17:00:00', '2026-06-01 17:00:00'),
(20260603000005, '吉他 Fender CD-60S',      899.00, 'Fender CD-60S民谣吉他原木色云杉面板使用半年音色温暖送琴包。',                                                            '成都市锦江区春熙路',               6, '孙七', 1, '2026-06-03 16:00:00', '2026-06-03 16:00:00'),
(20260605000006, '索尼 A7M4 机身',        13999.00, '索尼A7M4全画幅微单快门约3000次2025年购入包装齐全送备用电池。',                                                           '成都市高新区天府大道',             6, '孙七', 1, '2026-06-05 17:00:00', '2026-06-05 17:00:00'),
(20260608000005, '小米 智能门锁 Pro',       599.00, '小米智能门锁Pro指纹/密码/蓝牙/钥匙四种开锁方式使用2个月成色新。',                                                        '成都市成华区建设路',               6, '孙七', 1, '2026-06-08 16:00:00', '2026-06-08 16:00:00'),
(20260610000006, '博世 冲击钻套装',         349.00, '博世GSB 120冲击钻套装含钻头套装家用足够了充电式使用过几次。',                                                            '成都市青羊区宽窄巷子',             6, '孙七', 1, '2026-06-10 17:00:00', '2026-06-10 17:00:00'),
(20260613000008, '韶音 OpenRun Pro',       799.00, '韶音OpenRun Pro骨传导耳机黑色续航10小时运动耳机防水防汗。',                                                              '成都市金牛区一品天下',             6, '孙七', 1, '2026-06-13 17:00:00', '2026-06-13 17:00:00'),
(20260614000013, '咖啡豆 瑰夏 500g',        199.00, '哥伦比亚瑰夏咖啡豆水洗500g烘焙度中浅2026年新产季风味茉莉花香柑橘。',                                                     '成都市武侯区桐梓林',               6, '孙七', 1, '2026-06-14 13:00:00', '2026-06-14 13:00:00');

-- ----------------------------
-- 周八 (user_id=7 → product_1) 发布 7 件
-- ----------------------------
INSERT INTO `product_1` (`product_id`, `name`, `price`, `description`, `pickup_point`, `user_id`, `seller_name`, `status`, `created_at`, `updated_at`) VALUES
(20260601000009, '微软 Xbox Series X',     2999.00, 'Xbox Series X国行2025年购入手柄完好带原装HDMI线送2张游戏光盘。',                                                        '杭州市西湖区文三路',               7, '周八', 1, '2026-06-01 18:00:00', '2026-06-01 18:00:00'),
(20260604000005, '戴森 Airwrap 美发器',    2499.00, '戴森Airwrap多功能美发器普鲁士蓝配色含全部风嘴仅用几次几乎全新。',                                                        '杭州市萧山区钱江世纪城',           7, '周八', 1, '2026-06-04 17:00:00', '2026-06-04 17:00:00'),
(20260606000002, '大疆 Mini 4 Pro 畅飞',   4499.00, '大疆Mini 4 Pro畅飞套装含3块电池带屏遥控器飞行10小时无事故。',                                                            '杭州市余杭区未来科技城',           7, '周八', 1, '2026-06-06 14:00:00', '2026-06-06 14:00:00'),
(20260608000006, 'LG 27GP850 显示器',     1499.00, 'LG 27GP850 2K 165Hz电竞显示器Nano IPS面板使用半年无坏点。',                                                              '杭州市拱墅区大关',                 7, '周八', 1, '2026-06-08 17:00:00', '2026-06-08 17:00:00'),
(20260610000007, '华为 Mate 60 Pro',      4999.00, '华为Mate 60 Pro雅丹黑12G+512G 2025年购入成色完美含原装充电器。',                                                          '杭州市上城区湖滨',                 7, '周八', 1, '2026-06-10 18:00:00', '2026-06-10 18:00:00'),
(20260612000008, '雪板 Burton 154cm',     1299.00, 'Burton Custom 154cm滑雪板配固定器L号用过两个雪季板底打蜡良好边刃锋利。',                                                  '杭州市西湖区转塘',                 7, '周八', 1, '2026-06-12 17:00:00', '2026-06-12 17:00:00'),
(20260614000014, '海康威视 监控套装',       899.00, '海康威视4路监控套装含4个400万摄像头和1T硬盘家用足够用了2个月。',                                                          '杭州市滨江区江南大道',             7, '周八', 1, '2026-06-14 14:00:00', '2026-06-14 14:00:00');

-- ----------------------------
-- 管理员 (user_id=1 → product_1) 发布 2 件（含 1 件已下架用于测试）
-- ----------------------------
INSERT INTO `product_1` (`product_id`, `name`, `price`, `description`, `pickup_point`, `user_id`, `seller_name`, `status`, `created_at`, `updated_at`) VALUES
(20260601000007, '测试商品(管理员已下架)',     1.00, '这是一个测试商品管理员发布的，该商品已下架。',                                                                            '管理员办公室',                     1, '管理员', 0, '2026-06-01 09:00:00', '2026-06-01 09:00:00'),
(20260614000006, 'GitHub Copilot 订阅转让',  99.00, 'GitHub Copilot个人版月付还有11个月到期折价转让可改绑。',                                                                  '线上交付',                         1, '管理员', 1, '2026-06-14 12:00:00', '2026-06-14 12:00:00');


-- ============================================================
-- 3. 聊天消息数据（30 条，分片键: from_user_id % 3）
-- ============================================================

-- 张三→李四 关于 iPhone 12（from=2→msg_2, to=3→msg_0）
INSERT INTO `chat_message_2` (`msg_id`, `from_user_id`, `to_user_id`, `product_id`, `content`, `has_read`, `created_at`) VALUES
(1,  2, 3, 20260601000001, '你好，iPhone 12还在吗？',            1, '2026-06-01 10:30:00');
INSERT INTO `chat_message_0` (`msg_id`, `from_user_id`, `to_user_id`, `product_id`, `content`, `has_read`, `created_at`) VALUES
(2,  3, 2, 20260601000001, '在的，还在的',                        1, '2026-06-01 11:00:00');
INSERT INTO `chat_message_2` (`msg_id`, `from_user_id`, `to_user_id`, `product_id`, `content`, `has_read`, `created_at`) VALUES
(3,  2, 3, 20260601000001, '价格还能再便宜点吗？我想2600拿下',     1, '2026-06-01 11:05:00');
INSERT INTO `chat_message_0` (`msg_id`, `from_user_id`, `to_user_id`, `product_id`, `content`, `has_read`, `created_at`) VALUES
(4,  3, 2, 20260601000001, '最低2700吧，我配件都给你带齐了',       1, '2026-06-01 11:20:00');
INSERT INTO `chat_message_2` (`msg_id`, `from_user_id`, `to_user_id`, `product_id`, `content`, `has_read`, `created_at`) VALUES
(5,  2, 3, 20260601000001, '好的，那怎么交易？你在海淀是吧',       0, '2026-06-01 11:25:00');
INSERT INTO `chat_message_0` (`msg_id`, `from_user_id`, `to_user_id`, `product_id`, `content`, `has_read`, `created_at`) VALUES
(6,  3, 2, 20260601000001, '对，我在中关村，你可以过来看机',       0, '2026-06-01 11:40:00');

-- 张三→王五 关于 MacBook Pro（from=2→msg_2, to=4→msg_1）
INSERT INTO `chat_message_2` (`msg_id`, `from_user_id`, `to_user_id`, `product_id`, `content`, `has_read`, `created_at`) VALUES
(7,  2, 4, 20260601000003, 'MacBook Pro M1还在卖吗？',           1, '2026-06-02 10:00:00');
INSERT INTO `chat_message_1` (`msg_id`, `from_user_id`, `to_user_id`, `product_id`, `content`, `has_read`, `created_at`) VALUES
(8,  4, 2, 20260601000003, '在的，银色那台',                      1, '2026-06-02 10:15:00');
INSERT INTO `chat_message_2` (`msg_id`, `from_user_id`, `to_user_id`, `product_id`, `content`, `has_read`, `created_at`) VALUES
(9,  2, 4, 20260601000003, '电池循环多少次了？',                  0, '2026-06-02 10:20:00');
INSERT INTO `chat_message_1` (`msg_id`, `from_user_id`, `to_user_id`, `product_id`, `content`, `has_read`, `created_at`) VALUES
(10, 4, 2, 20260601000003, '大概180次左右，健康度87%',            0, '2026-06-02 10:30:00');

-- 李四→赵六 关于 无人机（from=3→msg_0, to=5→msg_2）
INSERT INTO `chat_message_0` (`msg_id`, `from_user_id`, `to_user_id`, `product_id`, `content`, `has_read`, `created_at`) VALUES
(11, 3, 5, 20260603000001, '无人机还在吗？想看看',                1, '2026-06-03 14:00:00');
INSERT INTO `chat_message_2` (`msg_id`, `from_user_id`, `to_user_id`, `product_id`, `content`, `has_read`, `created_at`) VALUES
(12, 5, 3, 20260603000001, '在的，两块电池都能飞20分钟左右',       1, '2026-06-03 14:30:00');
INSERT INTO `chat_message_0` (`msg_id`, `from_user_id`, `to_user_id`, `product_id`, `content`, `has_read`, `created_at`) VALUES
(13, 3, 5, 20260603000001, '有4K画质样片吗？想看看效果',          1, '2026-06-03 15:00:00');
INSERT INTO `chat_message_2` (`msg_id`, `from_user_id`, `to_user_id`, `product_id`, `content`, `has_read`, `created_at`) VALUES
(14, 5, 3, 20260603000001, '有的，加我微信我发你：wx_zhaoliu',    0, '2026-06-03 15:20:00');

-- 赵六→张三 关于 Switch OLED（from=5→msg_2, to=2→msg_2）
INSERT INTO `chat_message_2` (`msg_id`, `from_user_id`, `to_user_id`, `product_id`, `content`, `has_read`, `created_at`) VALUES
(15, 5, 2, 20260612000001, 'Switch OLED还在吗？',               1, '2026-06-12 14:00:00');
INSERT INTO `chat_message_2` (`msg_id`, `from_user_id`, `to_user_id`, `product_id`, `content`, `has_read`, `created_at`) VALUES
(16, 2, 5, 20260612000001, '在的，你要吗？',                      0, '2026-06-12 14:30:00');

-- 王五→赵六 关于 投影仪（from=4→msg_1, to=5→msg_2）
INSERT INTO `chat_message_1` (`msg_id`, `from_user_id`, `to_user_id`, `product_id`, `content`, `has_read`, `created_at`) VALUES
(17, 4, 5, 20260613000005, '投影仪白天看效果怎么样？',           0, '2026-06-13 17:00:00');

-- 孙七→张三 关于 iPad mini & 索尼A7C（from=6→msg_0, to=2→msg_2）
INSERT INTO `chat_message_0` (`msg_id`, `from_user_id`, `to_user_id`, `product_id`, `content`, `has_read`, `created_at`) VALUES
(18, 6, 2, 20260601000008, 'iPad mini粉色还在吗？想买给女朋友',   1, '2026-06-02 10:00:00');
INSERT INTO `chat_message_2` (`msg_id`, `from_user_id`, `to_user_id`, `product_id`, `content`, `has_read`, `created_at`) VALUES
(19, 2, 6, 20260601000008, '在的，粉色那台，成色很好',            1, '2026-06-02 10:30:00');
INSERT INTO `chat_message_0` (`msg_id`, `from_user_id`, `to_user_id`, `product_id`, `content`, `has_read`, `created_at`) VALUES
(20, 6, 2, 20260601000008, '可以便宜点吗？2500',                  0, '2026-06-02 11:00:00');

-- 周八→张三 关于 Switch OLED（from=7→msg_1, to=2→msg_2）
INSERT INTO `chat_message_1` (`msg_id`, `from_user_id`, `to_user_id`, `product_id`, `content`, `has_read`, `created_at`) VALUES
(21, 7, 2, 20260612000001, 'Switch OLED还在吗？带几个游戏？',     1, '2026-06-12 18:00:00');
INSERT INTO `chat_message_2` (`msg_id`, `from_user_id`, `to_user_id`, `product_id`, `content`, `has_read`, `created_at`) VALUES
(22, 2, 7, 20260612000001, '在的，不带游戏，就是裸机+底座',       0, '2026-06-12 19:00:00');

-- 张三→李四 关于 群晖NAS（from=2→msg_2, to=3→msg_0）
INSERT INTO `chat_message_2` (`msg_id`, `from_user_id`, `to_user_id`, `product_id`, `content`, `has_read`, `created_at`) VALUES
(23, 2, 3, 20260614000010, '群晖DS220+含硬盘吗？',              1, '2026-06-14 11:30:00');
INSERT INTO `chat_message_0` (`msg_id`, `from_user_id`, `to_user_id`, `product_id`, `content`, `has_read`, `created_at`) VALUES
(24, 3, 2, 20260614000010, '含的，2块4T红盘，还有半年保修',       0, '2026-06-14 12:00:00');

-- 赵六→王五 关于 Herman Miller（from=5→msg_2, to=4→msg_1）
INSERT INTO `chat_message_2` (`msg_id`, `from_user_id`, `to_user_id`, `product_id`, `content`, `has_read`, `created_at`) VALUES
(25, 5, 4, 20260614000011, 'Aeron椅子是哪年买的？',              1, '2026-06-14 09:00:00');
INSERT INTO `chat_message_1` (`msg_id`, `from_user_id`, `to_user_id`, `product_id`, `content`, `has_read`, `created_at`) VALUES
(26, 4, 5, 20260614000011, '2024年买的，在保，很新',             1, '2026-06-14 09:30:00');
INSERT INTO `chat_message_2` (`msg_id`, `from_user_id`, `to_user_id`, `product_id`, `content`, `has_read`, `created_at`) VALUES
(27, 5, 4, 20260614000011, '能自提看看吗？我在南山',              0, '2026-06-14 10:00:00');

-- 孙七→赵六 关于 ThinkPad（from=6→msg_0, to=5→msg_2）
INSERT INTO `chat_message_0` (`msg_id`, `from_user_id`, `to_user_id`, `product_id`, `content`, `has_read`, `created_at`) VALUES
(28, 6, 5, 20260614000012, 'X1 Carbon可以看看实物吗？',          1, '2026-06-14 13:30:00');
INSERT INTO `chat_message_2` (`msg_id`, `from_user_id`, `to_user_id`, `product_id`, `content`, `has_read`, `created_at`) VALUES
(29, 5, 6, 20260614000012, '可以，我在科技园，明天方便吗？',       0, '2026-06-14 14:00:00');

-- 王五→周八 关于 华为Mate 60 Pro（from=4→msg_1, to=7→msg_1）
INSERT INTO `chat_message_1` (`msg_id`, `from_user_id`, `to_user_id`, `product_id`, `content`, `has_read`, `created_at`) VALUES
(30, 4, 7, 20260610000007, 'Mate 60 Pro是什么颜色的？',          0, '2026-06-11 10:00:00');


-- ============================================================
-- 4. 验证数据
-- ============================================================
SELECT '====== 数据初始化完成 ======' AS '';
SELECT CONCAT('用户: ', (SELECT COUNT(*) FROM (SELECT 1 FROM user_0 UNION ALL SELECT 1 FROM user_1 UNION ALL SELECT 1 FROM user_2) t)) AS '统计';
SELECT CONCAT('商品: ', (SELECT COUNT(*) FROM (SELECT 1 FROM product_0 UNION ALL SELECT 1 FROM product_1 UNION ALL SELECT 1 FROM product_2) t)) AS '统计';
SELECT CONCAT('消息: ',  (SELECT COUNT(*) FROM (SELECT 1 FROM chat_message_0 UNION ALL SELECT 1 FROM chat_message_1 UNION ALL SELECT 1 FROM chat_message_2) t)) AS '统计';

SELECT '====== 各用户商品数 ======' AS '';
SELECT user_id, seller_name, COUNT(*) AS cnt FROM (
    SELECT user_id, seller_name FROM product_0
    UNION ALL SELECT user_id, seller_name FROM product_1
    UNION ALL SELECT user_id, seller_name FROM product_2
) t GROUP BY user_id, seller_name ORDER BY user_id;

-- ============================================================
-- 使用说明:
-- 1. 执行本脚本即可创建数据库、表并导入完整测试数据
-- 2. 确保 ShardingSphere 配置指向 secondhand_trade 数据库
-- 3. 启动顺序: Nacos → MySQL → 各微服务 → 客户端
-- 4. 客户端连接 gateway:8088
-- ============================================================
